Dataset Name,Image Name,Characteristics [Organism],Term Source 1 REF,Term Source 1 Accession,Characteristics [Cell Line],Comment [Cell Line Source],Experimental Condition [Genotype],Image Number,Date,Refractive Index,Probe Ch0,Sir Tag,Thresholded Tag,Label Ch0,Chr Ch0,Start Ch0,End Ch0,Size bp Ch0,Number Oligos Ch0,Density Ch0,Primer Code Ch0,Primer Name Forward Ch0,Primer Sequence Forward Ch0,Primer Name Reverse Ch0,Primer Sequence Reverse Ch0
Drosophila_TAD,20191028_RI510_Embryo-Y-GFP-male_Drosophila-TAD_SIR_THR_71.ome.tiff,Drosophila melanogaster,NCBITaxon,7227,derived cells,Embryo-Y-GFP-male,"y[1], w[67c23];Dp(1;Y), y[+] P{ry+11} P{w[+mC]=ActGFP}JMR1",71,20191028,RI510,Drosophila-TAD,SIR,THR,ATTO-565,chrX,4851500,4961200,109700,1174,10.7,C,BB287-FWD,/5Phos/CGCTCGGTCTCCGTTCGTCTC,SecX-BB288-REV,/SecX/GGGCTAGGTACAGGGTTCAGC
Drosophila_TAD,20191028_RI510_Embryo-Y-GFP-male_Drosophila-TAD_SIR_THR_75.ome.tiff,Drosophila melanogaster,NCBITaxon,7227,derived cells,Embryo-Y-GFP-male,"y[1], w[67c23];Dp(1;Y), y[+] P{ry+11} P{w[+mC]=ActGFP}JMR1",75,20191028,RI510,Drosophila-TAD,SIR,THR,ATTO-565,chrX,4851500,4961200,109700,1174,10.7,C,BB287-FWD,/5Phos/CGCTCGGTCTCCGTTCGTCTC,SecX-BB288-REV,/SecX/GGGCTAGGTACAGGGTTCAGC
Drosophila_TAD,20191028_RI510_Embryo-Y-GFP-male_Drosophila-TAD_SIR_THR_64.ome.tiff,Drosophila melanogaster,NCBITaxon,7227,derived cells,Embryo-Y-GFP-male,"y[1], w[67c23];Dp(1;Y), y[+] P{ry+11} P{w[+mC]=ActGFP}JMR1",64,20191028,RI510,Drosophila-TAD,SIR,THR,ATTO-565,chrX,4851500,4961200,109700,1174,10.7,C,BB287-FWD,/5Phos/CGCTCGGTCTCCGTTCGTCTC,SecX-BB288-REV,/SecX/GGGCTAGGTACAGGGTTCAGC
Drosophila_TAD,20191028_RI510_Embryo-Y-GFP-male_Drosophila-TAD_SIR_THR_30.ome.tiff,Drosophila melanogaster,NCBITaxon,7227,derived cells,Embryo-Y-GFP-male,"y[1], w[67c23];Dp(1;Y), y[+] P{ry+11} P{w[+mC]=ActGFP}JMR1",30,20191028,RI510,Drosophila-TAD,SIR,THR,ATTO-565,chrX,4851500,4961200,109700,1174,10.7,C,BB287-FWD,/5Phos/CGCTCGGTCTCCGTTCGTCTC,SecX-BB288-REV,/SecX/GGGCTAGGTACAGGGTTCAGC
Drosophila_TAD,20191028_RI510_Embryo-Y-GFP-male_Drosophila-TAD_SIR_THR_40.ome.tiff,Drosophila melanogaster,NCBITaxon,7227,derived cells,Embryo-Y-GFP-male,"y[1], w[67c23];Dp(1;Y), y[+] P{ry+11} P{w[+mC]=ActGFP}JMR1",40,20191028,RI510,Drosophila-TAD,SIR,THR,ATTO-565,chrX,4851500,4961200,109700,1174,10.7,C,BB287-FWD,/5Phos/CGCTCGGTCTCCGTTCGTCTC,SecX-BB288-REV,/SecX/GGGCTAGGTACAGGGTTCAGC
Drosophila_TAD,20191028_RI510_Embryo-Y-GFP-male_Drosophila-TAD_SIR_THR_11.ome.tiff,Drosophila melanogaster,NCBITaxon,7227,derived cells,Embryo-Y-GFP-male,"y[1], w[67c23];Dp(1;Y), y[+] P{ry+11} P{w[+mC]=ActGFP}JMR1",11,20191028,RI510,Drosophila-TAD,SIR,THR,ATTO-565,chrX,4851500,4961200,109700,1174,10.7,C,BB287-FWD,/5Phos/CGCTCGGTCTCCGTTCGTCTC,SecX-BB288-REV,/SecX/GGGCTAGGTACAGGGTTCAGC
Drosophila_TAD,20191028_RI510_Embryo-Y-GFP-male_Drosophila-TAD_SIR_THR_29.ome.tiff,Drosophila melanogaster,NCBITaxon,7227,derived cells,Embryo-Y-GFP-male,"y[1], w[67c23];Dp(1;Y), y[+] P{ry+11} P{w[+mC]=ActGFP}JMR1",29,20191028,RI510,Drosophila-TAD,SIR,THR,ATTO-565,chrX,4851500,4961200,109700,1174,10.7,C,BB287-FWD,/5Phos/CGCTCGGTCTCCGTTCGTCTC,SecX-BB288-REV,/SecX/GGGCTAGGTACAGGGTTCAGC
Drosophila_TAD,20191028_RI510_Embryo-Y-GFP-male_Drosophila-TAD_SIR_THR_26.ome.tiff,Drosophila melanogaster,NCBITaxon,7227,derived cells,Embryo-Y-GFP-male,"y[1], w[67c23];Dp(1;Y), y[+] P{ry+11} P{w[+mC]=ActGFP}JMR1",26,20191028,RI510,Drosophila-TAD,SIR,THR,ATTO-565,chrX,4851500,4961200,109700,1174,10.7,C,BB287-FWD,/5Phos/CGCTCGGTCTCCGTTCGTCTC,SecX-BB288-REV,/SecX/GGGCTAGGTACAGGGTTCAGC
Drosophila_TAD,20191028_RI510_Embryo-Y-GFP-male_Drosophila-TAD_SIR_THR_54.ome.tiff,Drosophila melanogaster,NCBITaxon,7227,derived cells,Embryo-Y-GFP-male,"y[1], w[67c23];Dp(1;Y), y[+] P{ry+11} P{w[+mC]=ActGFP}JMR1",54,20191028,RI510,Drosophila-TAD,SIR,THR,ATTO-565,chrX,4851500,4961200,109700,1174,10.7,C,BB287-FWD,/5Phos/CGCTCGGTCTCCGTTCGTCTC,SecX-BB288-REV,/SecX/GGGCTAGGTACAGGGTTCAGC
Drosophila_TAD,20191028_RI510_Embryo-Y-GFP-male_Drosophila-TAD_SIR_THR_36.ome.tiff,Drosophila melanogaster,NCBITaxon,7227,derived cells,Embryo-Y-GFP-male,"y[1], w[67c23];Dp(1;Y), y[+] P{ry+11} P{w[+mC]=ActGFP}JMR1",36,20191028,RI510,Drosophila-TAD,SIR,THR,ATTO-565,chrX,4851500,4961200,109700,1174,10.7,C,BB287-FWD,/5Phos/CGCTCGGTCTCCGTTCGTCTC,SecX-BB288-REV,/SecX/GGGCTAGGTACAGGGTTCAGC
Drosophila_TAD,20191028_RI510_Embryo-Y-GFP-male_Drosophila-TAD_SIR_THR_10.ome.tiff,Drosophila melanogaster,NCBITaxon,7227,derived cells,Embryo-Y-GFP-male,"y[1], w[67c23];Dp(1;Y), y[+] P{ry+11} P{w[+mC]=ActGFP}JMR1",10,20191028,RI510,Drosophila-TAD,SIR,THR,ATTO-565,chrX,4851500,4961200,109700,1174,10.7,C,BB287-FWD,/5Phos/CGCTCGGTCTCCGTTCGTCTC,SecX-BB288-REV,/SecX/GGGCTAGGTACAGGGTTCAGC
Drosophila_TAD,20191028_RI510_Embryo-Y-GFP-male_Drosophila-TAD_SIR_THR_86.ome.tiff,Drosophila melanogaster,NCBITaxon,7227,derived cells,Embryo-Y-GFP-male,"y[1], w[67c23];Dp(1;Y), y[+] P{ry+11} P{w[+mC]=ActGFP}JMR1",86,20191028,RI510,Drosophila-TAD,SIR,THR,ATTO-565,chrX,4851500,4961200,109700,1174,10.7,C,BB287-FWD,/5Phos/CGCTCGGTCTCCGTTCGTCTC,SecX-BB288-REV,/SecX/GGGCTAGGTACAGGGTTCAGC
Drosophila_TAD,20191028_RI510_Embryo-Y-GFP-male_Drosophila-TAD_SIR_THR_57.ome.tiff,Drosophila melanogaster,NCBITaxon,7227,derived cells,Embryo-Y-GFP-male,"y[1], w[67c23];Dp(1;Y), y[+] P{ry+11} P{w[+mC]=ActGFP}JMR1",57,20191028,RI510,Drosophila-TAD,SIR,THR,ATTO-565,chrX,4851500,4961200,109700,1174,10.7,C,BB287-FWD,/5Phos/CGCTCGGTCTCCGTTCGTCTC,SecX-BB288-REV,/SecX/GGGCTAGGTACAGGGTTCAGC
Drosophila_TAD,20191028_RI510_Embryo-Y-GFP-male_Drosophila-TAD_SIR_THR_43.ome.tiff,Drosophila melanogaster,NCBITaxon,7227,derived cells,Embryo-Y-GFP-male,"y[1], w[67c23];Dp(1;Y), y[+] P{ry+11} P{w[+mC]=ActGFP}JMR1",43,20191028,RI510,Drosophila-TAD,SIR,THR,ATTO-565,chrX,4851500,4961200,109700,1174,10.7,C,BB287-FWD,/5Phos/CGCTCGGTCTCCGTTCGTCTC,SecX-BB288-REV,/SecX/GGGCTAGGTACAGGGTTCAGC
Drosophila_TAD,20191028_RI510_Embryo-Y-GFP-male_Drosophila-TAD_SIR_THR_13.ome.tiff,Drosophila melanogaster,NCBITaxon,7227,derived cells,Embryo-Y-GFP-male,"y[1], w[67c23];Dp(1;Y), y[+] P{ry+11} P{w[+mC]=ActGFP}JMR1",13,20191028,RI510,Drosophila-TAD,SIR,THR,ATTO-565,chrX,4851500,4961200,109700,1174,10.7,C,BB287-FWD,/5Phos/CGCTCGGTCTCCGTTCGTCTC,SecX-BB288-REV,/SecX/GGGCTAGGTACAGGGTTCAGC
Drosophila_TAD,20191028_RI510_Embryo-Y-GFP-male_Drosophila-TAD_SIR_THR_14.ome.tiff,Drosophila melanogaster,NCBITaxon,7227,derived cells,Embryo-Y-GFP-male,"y[1], w[67c23];Dp(1;Y), y[+] P{ry+11} P{w[+mC]=ActGFP}JMR1",14,20191028,RI510,Drosophila-TAD,SIR,THR,ATTO-565,chrX,4851500,4961200,109700,1174,10.7,C,BB287-FWD,/5Phos/CGCTCGGTCTCCGTTCGTCTC,SecX-BB288-REV,/SecX/GGGCTAGGTACAGGGTTCAGC
Drosophila_TAD,20191028_RI510_Embryo-Y-GFP-male_Drosophila-TAD_SIR_THR_59.ome.tiff,Drosophila melanogaster,NCBITaxon,7227,derived cells,Embryo-Y-GFP-male,"y[1], w[67c23];Dp(1;Y), y[+] P{ry+11} P{w[+mC]=ActGFP}JMR1",59,20191028,RI510,Drosophila-TAD,SIR,THR,ATTO-565,chrX,4851500,4961200,109700,1174,10.7,C,BB287-FWD,/5Phos/CGCTCGGTCTCCGTTCGTCTC,SecX-BB288-REV,/SecX/GGGCTAGGTACAGGGTTCAGC
Drosophila_TAD,20191028_RI510_Embryo-Y-GFP-male_Drosophila-TAD_SIR_THR_84.ome.tiff,Drosophila melanogaster,NCBITaxon,7227,derived cells,Embryo-Y-GFP-male,"y[1], w[67c23];Dp(1;Y), y[+] P{ry+11} P{w[+mC]=ActGFP}JMR1",84,20191028,RI510,Drosophila-TAD,SIR,THR,ATTO-565,chrX,4851500,4961200,109700,1174,10.7,C,BB287-FWD,/5Phos/CGCTCGGTCTCCGTTCGTCTC,SecX-BB288-REV,/SecX/GGGCTAGGTACAGGGTTCAGC
Drosophila_TAD,20191028_RI510_Embryo-Y-GFP-male_Drosophila-TAD_SIR_THR_3.ome.tiff,Drosophila melanogaster,NCBITaxon,7227,derived cells,Embryo-Y-GFP-male,"y[1], w[67c23];Dp(1;Y), y[+] P{ry+11} P{w[+mC]=ActGFP}JMR1",3,20191028,RI510,Drosophila-TAD,SIR,THR,ATTO-565,chrX,4851500,4961200,109700,1174,10.7,C,BB287-FWD,/5Phos/CGCTCGGTCTCCGTTCGTCTC,SecX-BB288-REV,/SecX/GGGCTAGGTACAGGGTTCAGC
Drosophila_TAD,20191028_RI510_Embryo-Y-GFP-male_Drosophila-TAD_SIR_THR_23.ome.tiff,Drosophila melanogaster,NCBITaxon,7227,derived cells,Embryo-Y-GFP-male,"y[1], w[67c23];Dp(1;Y), y[+] P{ry+11} P{w[+mC]=ActGFP}JMR1",23,20191028,RI510,Drosophila-TAD,SIR,THR,ATTO-565,chrX,4851500,4961200,109700,1174,10.7,C,BB287-FWD,/5Phos/CGCTCGGTCTCCGTTCGTCTC,SecX-BB288-REV,/SecX/GGGCTAGGTACAGGGTTCAGC
Drosophila_TAD,20191028_RI510_Embryo-Y-GFP-male_Drosophila-TAD_SIR_THR_8.ome.tiff,Drosophila melanogaster,NCBITaxon,7227,derived cells,Embryo-Y-GFP-male,"y[1], w[67c23];Dp(1;Y), y[+] P{ry+11} P{w[+mC]=ActGFP}JMR1",8,20191028,RI510,Drosophila-TAD,SIR,THR,ATTO-565,chrX,4851500,4961200,109700,1174,10.7,C,BB287-FWD,/5Phos/CGCTCGGTCTCCGTTCGTCTC,SecX-BB288-REV,/SecX/GGGCTAGGTACAGGGTTCAGC
Drosophila_TAD,20191028_RI510_Embryo-Y-GFP-male_Drosophila-TAD_SIR_THR_53.ome.tiff,Drosophila melanogaster,NCBITaxon,7227,derived cells,Embryo-Y-GFP-male,"y[1], w[67c23];Dp(1;Y), y[+] P{ry+11} P{w[+mC]=ActGFP}JMR1",53,20191028,RI510,Drosophila-TAD,SIR,THR,ATTO-565,chrX,4851500,4961200,109700,1174,10.7,C,BB287-FWD,/5Phos/CGCTCGGTCTCCGTTCGTCTC,SecX-BB288-REV,/SecX/GGGCTAGGTACAGGGTTCAGC
Drosophila_TAD,20191028_RI510_Embryo-Y-GFP-male_Drosophila-TAD_SIR_THR_6.ome.tiff,Drosophila melanogaster,NCBITaxon,7227,derived cells,Embryo-Y-GFP-male,"y[1], w[67c23];Dp(1;Y), y[+] P{ry+11} P{w[+mC]=ActGFP}JMR1",6,20191028,RI510,Drosophila-TAD,SIR,THR,ATTO-565,chrX,4851500,4961200,109700,1174,10.7,C,BB287-FWD,/5Phos/CGCTCGGTCTCCGTTCGTCTC,SecX-BB288-REV,/SecX/GGGCTAGGTACAGGGTTCAGC
Drosophila_TAD,20191028_RI510_Embryo-Y-GFP-male_Drosophila-TAD_SIR_THR_52.ome.tiff,Drosophila melanogaster,NCBITaxon,7227,derived cells,Embryo-Y-GFP-male,"y[1], w[67c23];Dp(1;Y), y[+] P{ry+11} P{w[+mC]=ActGFP}JMR1",52,20191028,RI510,Drosophila-TAD,SIR,THR,ATTO-565,chrX,4851500,4961200,109700,1174,10.7,C,BB287-FWD,/5Phos/CGCTCGGTCTCCGTTCGTCTC,SecX-BB288-REV,/SecX/GGGCTAGGTACAGGGTTCAGC
Drosophila_TAD,20191028_RI510_Embryo-Y-GFP-male_Drosophila-TAD_SIR_THR_35.ome.tiff,Drosophila melanogaster,NCBITaxon,7227,derived cells,Embryo-Y-GFP-male,"y[1], w[67c23];Dp(1;Y), y[+] P{ry+11} P{w[+mC]=ActGFP}JMR1",35,20191028,RI510,Drosophila-TAD,SIR,THR,ATTO-565,chrX,4851500,4961200,109700,1174,10.7,C,BB287-FWD,/5Phos/CGCTCGGTCTCCGTTCGTCTC,SecX-BB288-REV,/SecX/GGGCTAGGTACAGGGTTCAGC
Drosophila_TAD,20191028_RI510_Embryo-Y-GFP-male_Drosophila-TAD_SIR_THR_63.ome.tiff,Drosophila melanogaster,NCBITaxon,7227,derived cells,Embryo-Y-GFP-male,"y[1], w[67c23];Dp(1;Y), y[+] P{ry+11} P{w[+mC]=ActGFP}JMR1",63,20191028,RI510,Drosophila-TAD,SIR,THR,ATTO-565,chrX,4851500,4961200,109700,1174,10.7,C,BB287-FWD,/5Phos/CGCTCGGTCTCCGTTCGTCTC,SecX-BB288-REV,/SecX/GGGCTAGGTACAGGGTTCAGC
Drosophila_TAD,20191028_RI510_Embryo-Y-GFP-male_Drosophila-TAD_SIR_THR_78.ome.tiff,Drosophila melanogaster,NCBITaxon,7227,derived cells,Embryo-Y-GFP-male,"y[1], w[67c23];Dp(1;Y), y[+] P{ry+11} P{w[+mC]=ActGFP}JMR1",78,20191028,RI510,Drosophila-TAD,SIR,THR,ATTO-565,chrX,4851500,4961200,109700,1174,10.7,C,BB287-FWD,/5Phos/CGCTCGGTCTCCGTTCGTCTC,SecX-BB288-REV,/SecX/GGGCTAGGTACAGGGTTCAGC
Drosophila_TAD,20191028_RI510_Embryo-Y-GFP-male_Drosophila-TAD_SIR_THR_25.ome.tiff,Drosophila melanogaster,NCBITaxon,7227,derived cells,Embryo-Y-GFP-male,"y[1], w[67c23];Dp(1;Y), y[+] P{ry+11} P{w[+mC]=ActGFP}JMR1",25,20191028,RI510,Drosophila-TAD,SIR,THR,ATTO-565,chrX,4851500,4961200,109700,1174,10.7,C,BB287-FWD,/5Phos/CGCTCGGTCTCCGTTCGTCTC,SecX-BB288-REV,/SecX/GGGCTAGGTACAGGGTTCAGC
Drosophila_TAD,20191028_RI510_Embryo-Y-GFP-male_Drosophila-TAD_SIR_THR_74.ome.tiff,Drosophila melanogaster,NCBITaxon,7227,derived cells,Embryo-Y-GFP-male,"y[1], w[67c23];Dp(1;Y), y[+] P{ry+11} P{w[+mC]=ActGFP}JMR1",74,20191028,RI510,Drosophila-TAD,SIR,THR,ATTO-565,chrX,4851500,4961200,109700,1174,10.7,C,BB287-FWD,/5Phos/CGCTCGGTCTCCGTTCGTCTC,SecX-BB288-REV,/SecX/GGGCTAGGTACAGGGTTCAGC
Drosophila_TAD,20191028_RI510_Embryo-Y-GFP-male_Drosophila-TAD_SIR_THR_41.ome.tiff,Drosophila melanogaster,NCBITaxon,7227,derived cells,Embryo-Y-GFP-male,"y[1], w[67c23];Dp(1;Y), y[+] P{ry+11} P{w[+mC]=ActGFP}JMR1",41,20191028,RI510,Drosophila-TAD,SIR,THR,ATTO-565,chrX,4851500,4961200,109700,1174,10.7,C,BB287-FWD,/5Phos/CGCTCGGTCTCCGTTCGTCTC,SecX-BB288-REV,/SecX/GGGCTAGGTACAGGGTTCAGC
Drosophila_TAD,20191028_RI510_Embryo-Y-GFP-male_Drosophila-TAD_SIR_THR_88.ome.tiff,Drosophila melanogaster,NCBITaxon,7227,derived cells,Embryo-Y-GFP-male,"y[1], w[67c23];Dp(1;Y), y[+] P{ry+11} P{w[+mC]=ActGFP}JMR1",88,20191028,RI510,Drosophila-TAD,SIR,THR,ATTO-565,chrX,4851500,4961200,109700,1174,10.7,C,BB287-FWD,/5Phos/CGCTCGGTCTCCGTTCGTCTC,SecX-BB288-REV,/SecX/GGGCTAGGTACAGGGTTCAGC
Drosophila_TAD,20191028_RI510_Embryo-Y-GFP-male_Drosophila-TAD_SIR_THR_47.ome.tiff,Drosophila melanogaster,NCBITaxon,7227,derived cells,Embryo-Y-GFP-male,"y[1], w[67c23];Dp(1;Y), y[+] P{ry+11} P{w[+mC]=ActGFP}JMR1",47,20191028,RI510,Drosophila-TAD,SIR,THR,ATTO-565,chrX,4851500,4961200,109700,1174,10.7,C,BB287-FWD,/5Phos/CGCTCGGTCTCCGTTCGTCTC,SecX-BB288-REV,/SecX/GGGCTAGGTACAGGGTTCAGC
Drosophila_TAD,20191028_RI510_Embryo-Y-GFP-male_Drosophila-TAD_SIR_THR_33.ome.tiff,Drosophila melanogaster,NCBITaxon,7227,derived cells,Embryo-Y-GFP-male,"y[1], w[67c23];Dp(1;Y), y[+] P{ry+11} P{w[+mC]=ActGFP}JMR1",33,20191028,RI510,Drosophila-TAD,SIR,THR,ATTO-565,chrX,4851500,4961200,109700,1174,10.7,C,BB287-FWD,/5Phos/CGCTCGGTCTCCGTTCGTCTC,SecX-BB288-REV,/SecX/GGGCTAGGTACAGGGTTCAGC
Drosophila_TAD,20191028_RI510_Embryo-Y-GFP-male_Drosophila-TAD_SIR_THR_32.ome.tiff,Drosophila melanogaster,NCBITaxon,7227,derived cells,Embryo-Y-GFP-male,"y[1], w[67c23];Dp(1;Y), y[+] P{ry+11} P{w[+mC]=ActGFP}JMR1",32,20191028,RI510,Drosophila-TAD,SIR,THR,ATTO-565,chrX,4851500,4961200,109700,1174,10.7,C,BB287-FWD,/5Phos/CGCTCGGTCTCCGTTCGTCTC,SecX-BB288-REV,/SecX/GGGCTAGGTACAGGGTTCAGC
Drosophila_TAD,20191028_RI510_Embryo-Y-GFP-male_Drosophila-TAD_SIR_THR_45.ome.tiff,Drosophila melanogaster,NCBITaxon,7227,derived cells,Embryo-Y-GFP-male,"y[1], w[67c23];Dp(1;Y), y[+] P{ry+11} P{w[+mC]=ActGFP}JMR1",45,20191028,RI510,Drosophila-TAD,SIR,THR,ATTO-565,chrX,4851500,4961200,109700,1174,10.7,C,BB287-FWD,/5Phos/CGCTCGGTCTCCGTTCGTCTC,SecX-BB288-REV,/SecX/GGGCTAGGTACAGGGTTCAGC
Drosophila_TAD,20191028_RI510_Embryo-Y-GFP-male_Drosophila-TAD_SIR_THR_51.ome.tiff,Drosophila melanogaster,NCBITaxon,7227,derived cells,Embryo-Y-GFP-male,"y[1], w[67c23];Dp(1;Y), y[+] P{ry+11} P{w[+mC]=ActGFP}JMR1",51,20191028,RI510,Drosophila-TAD,SIR,THR,ATTO-565,chrX,4851500,4961200,109700,1174,10.7,C,BB287-FWD,/5Phos/CGCTCGGTCTCCGTTCGTCTC,SecX-BB288-REV,/SecX/GGGCTAGGTACAGGGTTCAGC
Drosophila_TAD,20191028_RI510_Embryo-Y-GFP-male_Drosophila-TAD_SIR_THR_27.ome.tiff,Drosophila melanogaster,NCBITaxon,7227,derived cells,Embryo-Y-GFP-male,"y[1], w[67c23];Dp(1;Y), y[+] P{ry+11} P{w[+mC]=ActGFP}JMR1",27,20191028,RI510,Drosophila-TAD,SIR,THR,ATTO-565,chrX,4851500,4961200,109700,1174,10.7,C,BB287-FWD,/5Phos/CGCTCGGTCTCCGTTCGTCTC,SecX-BB288-REV,/SecX/GGGCTAGGTACAGGGTTCAGC
Drosophila_TAD,20191028_RI510_Embryo-Y-GFP-male_Drosophila-TAD_SIR_THR_37.ome.tiff,Drosophila melanogaster,NCBITaxon,7227,derived cells,Embryo-Y-GFP-male,"y[1], w[67c23];Dp(1;Y), y[+] P{ry+11} P{w[+mC]=ActGFP}JMR1",37,20191028,RI510,Drosophila-TAD,SIR,THR,ATTO-565,chrX,4851500,4961200,109700,1174,10.7,C,BB287-FWD,/5Phos/CGCTCGGTCTCCGTTCGTCTC,SecX-BB288-REV,/SecX/GGGCTAGGTACAGGGTTCAGC
Drosophila_TAD,20191028_RI510_Embryo-Y-GFP-male_Drosophila-TAD_SIR_THR_24.ome.tiff,Drosophila melanogaster,NCBITaxon,7227,derived cells,Embryo-Y-GFP-male,"y[1], w[67c23];Dp(1;Y), y[+] P{ry+11} P{w[+mC]=ActGFP}JMR1",24,20191028,RI510,Drosophila-TAD,SIR,THR,ATTO-565,chrX,4851500,4961200,109700,1174,10.7,C,BB287-FWD,/5Phos/CGCTCGGTCTCCGTTCGTCTC,SecX-BB288-REV,/SecX/GGGCTAGGTACAGGGTTCAGC
Drosophila_TAD,20191028_RI510_Embryo-Y-GFP-male_Drosophila-TAD_SIR_THR_18.ome.tiff,Drosophila melanogaster,NCBITaxon,7227,derived cells,Embryo-Y-GFP-male,"y[1], w[67c23];Dp(1;Y), y[+] P{ry+11} P{w[+mC]=ActGFP}JMR1",18,20191028,RI510,Drosophila-TAD,SIR,THR,ATTO-565,chrX,4851500,4961200,109700,1174,10.7,C,BB287-FWD,/5Phos/CGCTCGGTCTCCGTTCGTCTC,SecX-BB288-REV,/SecX/GGGCTAGGTACAGGGTTCAGC
Drosophila_TAD,20191028_RI510_Embryo-Y-GFP-male_Drosophila-TAD_SIR_THR_90.ome.tiff,Drosophila melanogaster,NCBITaxon,7227,derived cells,Embryo-Y-GFP-male,"y[1], w[67c23];Dp(1;Y), y[+] P{ry+11} P{w[+mC]=ActGFP}JMR1",90,20191028,RI510,Drosophila-TAD,SIR,THR,ATTO-565,chrX,4851500,4961200,109700,1174,10.7,C,BB287-FWD,/5Phos/CGCTCGGTCTCCGTTCGTCTC,SecX-BB288-REV,/SecX/GGGCTAGGTACAGGGTTCAGC
Drosophila_TAD,20191028_RI510_Embryo-Y-GFP-male_Drosophila-TAD_SIR_THR_22.ome.tiff,Drosophila melanogaster,NCBITaxon,7227,derived cells,Embryo-Y-GFP-male,"y[1], w[67c23];Dp(1;Y), y[+] P{ry+11} P{w[+mC]=ActGFP}JMR1",22,20191028,RI510,Drosophila-TAD,SIR,THR,ATTO-565,chrX,4851500,4961200,109700,1174,10.7,C,BB287-FWD,/5Phos/CGCTCGGTCTCCGTTCGTCTC,SecX-BB288-REV,/SecX/GGGCTAGGTACAGGGTTCAGC
Drosophila_TAD,20191028_RI510_Embryo-Y-GFP-male_Drosophila-TAD_SIR_THR_79.ome.tiff,Drosophila melanogaster,NCBITaxon,7227,derived cells,Embryo-Y-GFP-male,"y[1], w[67c23];Dp(1;Y), y[+] P{ry+11} P{w[+mC]=ActGFP}JMR1",79,20191028,RI510,Drosophila-TAD,SIR,THR,ATTO-565,chrX,4851500,4961200,109700,1174,10.7,C,BB287-FWD,/5Phos/CGCTCGGTCTCCGTTCGTCTC,SecX-BB288-REV,/SecX/GGGCTAGGTACAGGGTTCAGC
Drosophila_TAD,20191028_RI510_Embryo-Y-GFP-male_Drosophila-TAD_SIR_THR_9.ome.tiff,Drosophila melanogaster,NCBITaxon,7227,derived cells,Embryo-Y-GFP-male,"y[1], w[67c23];Dp(1;Y), y[+] P{ry+11} P{w[+mC]=ActGFP}JMR1",9,20191028,RI510,Drosophila-TAD,SIR,THR,ATTO-565,chrX,4851500,4961200,109700,1174,10.7,C,BB287-FWD,/5Phos/CGCTCGGTCTCCGTTCGTCTC,SecX-BB288-REV,/SecX/GGGCTAGGTACAGGGTTCAGC
Drosophila_TAD,20191028_RI510_Embryo-Y-GFP-male_Drosophila-TAD_SIR_THR_49.ome.tiff,Drosophila melanogaster,NCBITaxon,7227,derived cells,Embryo-Y-GFP-male,"y[1], w[67c23];Dp(1;Y), y[+] P{ry+11} P{w[+mC]=ActGFP}JMR1",49,20191028,RI510,Drosophila-TAD,SIR,THR,ATTO-565,chrX,4851500,4961200,109700,1174,10.7,C,BB287-FWD,/5Phos/CGCTCGGTCTCCGTTCGTCTC,SecX-BB288-REV,/SecX/GGGCTAGGTACAGGGTTCAGC
Drosophila_TAD,20191028_RI510_Embryo-Y-GFP-male_Drosophila-TAD_SIR_THR_34.ome.tiff,Drosophila melanogaster,NCBITaxon,7227,derived cells,Embryo-Y-GFP-male,"y[1], w[67c23];Dp(1;Y), y[+] P{ry+11} P{w[+mC]=ActGFP}JMR1",34,20191028,RI510,Drosophila-TAD,SIR,THR,ATTO-565,chrX,4851500,4961200,109700,1174,10.7,C,BB287-FWD,/5Phos/CGCTCGGTCTCCGTTCGTCTC,SecX-BB288-REV,/SecX/GGGCTAGGTACAGGGTTCAGC
Drosophila_TAD,20191028_RI510_Embryo-Y-GFP-male_Drosophila-TAD_SIR_THR_80.ome.tiff,Drosophila melanogaster,NCBITaxon,7227,derived cells,Embryo-Y-GFP-male,"y[1], w[67c23];Dp(1;Y), y[+] P{ry+11} P{w[+mC]=ActGFP}JMR1",80,20191028,RI510,Drosophila-TAD,SIR,THR,ATTO-565,chrX,4851500,4961200,109700,1174,10.7,C,BB287-FWD,/5Phos/CGCTCGGTCTCCGTTCGTCTC,SecX-BB288-REV,/SecX/GGGCTAGGTACAGGGTTCAGC
Drosophila_TAD,20191028_RI510_Embryo-Y-GFP-male_Drosophila-TAD_SIR_THR_1.ome.tiff,Drosophila melanogaster,NCBITaxon,7227,derived cells,Embryo-Y-GFP-male,"y[1], w[67c23];Dp(1;Y), y[+] P{ry+11} P{w[+mC]=ActGFP}JMR1",1,20191028,RI510,Drosophila-TAD,SIR,THR,ATTO-565,chrX,4851500,4961200,109700,1174,10.7,C,BB287-FWD,/5Phos/CGCTCGGTCTCCGTTCGTCTC,SecX-BB288-REV,/SecX/GGGCTAGGTACAGGGTTCAGC
Drosophila_TAD,20191028_RI510_Embryo-Y-GFP-male_Drosophila-TAD_SIR_THR_62.ome.tiff,Drosophila melanogaster,NCBITaxon,7227,derived cells,Embryo-Y-GFP-male,"y[1], w[67c23];Dp(1;Y), y[+] P{ry+11} P{w[+mC]=ActGFP}JMR1",62,20191028,RI510,Drosophila-TAD,SIR,THR,ATTO-565,chrX,4851500,4961200,109700,1174,10.7,C,BB287-FWD,/5Phos/CGCTCGGTCTCCGTTCGTCTC,SecX-BB288-REV,/SecX/GGGCTAGGTACAGGGTTCAGC
Drosophila_TAD,20191028_RI510_Embryo-Y-GFP-male_Drosophila-TAD_SIR_THR_28.ome.tiff,Drosophila melanogaster,NCBITaxon,7227,derived cells,Embryo-Y-GFP-male,"y[1], w[67c23];Dp(1;Y), y[+] P{ry+11} P{w[+mC]=ActGFP}JMR1",28,20191028,RI510,Drosophila-TAD,SIR,THR,ATTO-565,chrX,4851500,4961200,109700,1174,10.7,C,BB287-FWD,/5Phos/CGCTCGGTCTCCGTTCGTCTC,SecX-BB288-REV,/SecX/GGGCTAGGTACAGGGTTCAGC
Drosophila_TAD,20191028_RI510_Embryo-Y-GFP-male_Drosophila-TAD_SIR_THR_50.ome.tiff,Drosophila melanogaster,NCBITaxon,7227,derived cells,Embryo-Y-GFP-male,"y[1], w[67c23];Dp(1;Y), y[+] P{ry+11} P{w[+mC]=ActGFP}JMR1",50,20191028,RI510,Drosophila-TAD,SIR,THR,ATTO-565,chrX,4851500,4961200,109700,1174,10.7,C,BB287-FWD,/5Phos/CGCTCGGTCTCCGTTCGTCTC,SecX-BB288-REV,/SecX/GGGCTAGGTACAGGGTTCAGC
Drosophila_TAD,20191028_RI510_Embryo-Y-GFP-male_Drosophila-TAD_SIR_THR_76.ome.tiff,Drosophila melanogaster,NCBITaxon,7227,derived cells,Embryo-Y-GFP-male,"y[1], w[67c23];Dp(1;Y), y[+] P{ry+11} P{w[+mC]=ActGFP}JMR1",76,20191028,RI510,Drosophila-TAD,SIR,THR,ATTO-565,chrX,4851500,4961200,109700,1174,10.7,C,BB287-FWD,/5Phos/CGCTCGGTCTCCGTTCGTCTC,SecX-BB288-REV,/SecX/GGGCTAGGTACAGGGTTCAGC
Drosophila_TAD,20191028_RI510_Embryo-Y-GFP-male_Drosophila-TAD_SIR_THR_72.ome.tiff,Drosophila melanogaster,NCBITaxon,7227,derived cells,Embryo-Y-GFP-male,"y[1], w[67c23];Dp(1;Y), y[+] P{ry+11} P{w[+mC]=ActGFP}JMR1",72,20191028,RI510,Drosophila-TAD,SIR,THR,ATTO-565,chrX,4851500,4961200,109700,1174,10.7,C,BB287-FWD,/5Phos/CGCTCGGTCTCCGTTCGTCTC,SecX-BB288-REV,/SecX/GGGCTAGGTACAGGGTTCAGC
Drosophila_TAD,20191028_RI510_Embryo-Y-GFP-male_Drosophila-TAD_SIR_THR_70.ome.tiff,Drosophila melanogaster,NCBITaxon,7227,derived cells,Embryo-Y-GFP-male,"y[1], w[67c23];Dp(1;Y), y[+] P{ry+11} P{w[+mC]=ActGFP}JMR1",70,20191028,RI510,Drosophila-TAD,SIR,THR,ATTO-565,chrX,4851500,4961200,109700,1174,10.7,C,BB287-FWD,/5Phos/CGCTCGGTCTCCGTTCGTCTC,SecX-BB288-REV,/SecX/GGGCTAGGTACAGGGTTCAGC
Drosophila_TAD,20191028_RI510_Embryo-Y-GFP-male_Drosophila-TAD_SIR_THR_87.ome.tiff,Drosophila melanogaster,NCBITaxon,7227,derived cells,Embryo-Y-GFP-male,"y[1], w[67c23];Dp(1;Y), y[+] P{ry+11} P{w[+mC]=ActGFP}JMR1",87,20191028,RI510,Drosophila-TAD,SIR,THR,ATTO-565,chrX,4851500,4961200,109700,1174,10.7,C,BB287-FWD,/5Phos/CGCTCGGTCTCCGTTCGTCTC,SecX-BB288-REV,/SecX/GGGCTAGGTACAGGGTTCAGC
Drosophila_TAD,20191028_RI510_Embryo-Y-GFP-male_Drosophila-TAD_SIR_THR_17.ome.tiff,Drosophila melanogaster,NCBITaxon,7227,derived cells,Embryo-Y-GFP-male,"y[1], w[67c23];Dp(1;Y), y[+] P{ry+11} P{w[+mC]=ActGFP}JMR1",17,20191028,RI510,Drosophila-TAD,SIR,THR,ATTO-565,chrX,4851500,4961200,109700,1174,10.7,C,BB287-FWD,/5Phos/CGCTCGGTCTCCGTTCGTCTC,SecX-BB288-REV,/SecX/GGGCTAGGTACAGGGTTCAGC
Drosophila_TAD,20191028_RI510_Embryo-Y-GFP-male_Drosophila-TAD_SIR_THR_7.ome.tiff,Drosophila melanogaster,NCBITaxon,7227,derived cells,Embryo-Y-GFP-male,"y[1], w[67c23];Dp(1;Y), y[+] P{ry+11} P{w[+mC]=ActGFP}JMR1",7,20191028,RI510,Drosophila-TAD,SIR,THR,ATTO-565,chrX,4851500,4961200,109700,1174,10.7,C,BB287-FWD,/5Phos/CGCTCGGTCTCCGTTCGTCTC,SecX-BB288-REV,/SecX/GGGCTAGGTACAGGGTTCAGC
Drosophila_TAD,20191028_RI510_Embryo-Y-GFP-male_Drosophila-TAD_SIR_THR_83.ome.tiff,Drosophila melanogaster,NCBITaxon,7227,derived cells,Embryo-Y-GFP-male,"y[1], w[67c23];Dp(1;Y), y[+] P{ry+11} P{w[+mC]=ActGFP}JMR1",83,20191028,RI510,Drosophila-TAD,SIR,THR,ATTO-565,chrX,4851500,4961200,109700,1174,10.7,C,BB287-FWD,/5Phos/CGCTCGGTCTCCGTTCGTCTC,SecX-BB288-REV,/SecX/GGGCTAGGTACAGGGTTCAGC
Drosophila_TAD,20191028_RI510_Embryo-Y-GFP-male_Drosophila-TAD_SIR_THR_12.ome.tiff,Drosophila melanogaster,NCBITaxon,7227,derived cells,Embryo-Y-GFP-male,"y[1], w[67c23];Dp(1;Y), y[+] P{ry+11} P{w[+mC]=ActGFP}JMR1",12,20191028,RI510,Drosophila-TAD,SIR,THR,ATTO-565,chrX,4851500,4961200,109700,1174,10.7,C,BB287-FWD,/5Phos/CGCTCGGTCTCCGTTCGTCTC,SecX-BB288-REV,/SecX/GGGCTAGGTACAGGGTTCAGC
Drosophila_TAD,20191028_RI510_Embryo-Y-GFP-male_Drosophila-TAD_SIR_THR_85.ome.tiff,Drosophila melanogaster,NCBITaxon,7227,derived cells,Embryo-Y-GFP-male,"y[1], w[67c23];Dp(1;Y), y[+] P{ry+11} P{w[+mC]=ActGFP}JMR1",85,20191028,RI510,Drosophila-TAD,SIR,THR,ATTO-565,chrX,4851500,4961200,109700,1174,10.7,C,BB287-FWD,/5Phos/CGCTCGGTCTCCGTTCGTCTC,SecX-BB288-REV,/SecX/GGGCTAGGTACAGGGTTCAGC
Drosophila_TAD,20191028_RI510_Embryo-Y-GFP-male_Drosophila-TAD_SIR_THR_39.ome.tiff,Drosophila melanogaster,NCBITaxon,7227,derived cells,Embryo-Y-GFP-male,"y[1], w[67c23];Dp(1;Y), y[+] P{ry+11} P{w[+mC]=ActGFP}JMR1",39,20191028,RI510,Drosophila-TAD,SIR,THR,ATTO-565,chrX,4851500,4961200,109700,1174,10.7,C,BB287-FWD,/5Phos/CGCTCGGTCTCCGTTCGTCTC,SecX-BB288-REV,/SecX/GGGCTAGGTACAGGGTTCAGC
Drosophila_TAD,20191028_RI510_Embryo-Y-GFP-male_Drosophila-TAD_SIR_THR_81.ome.tiff,Drosophila melanogaster,NCBITaxon,7227,derived cells,Embryo-Y-GFP-male,"y[1], w[67c23];Dp(1;Y), y[+] P{ry+11} P{w[+mC]=ActGFP}JMR1",81,20191028,RI510,Drosophila-TAD,SIR,THR,ATTO-565,chrX,4851500,4961200,109700,1174,10.7,C,BB287-FWD,/5Phos/CGCTCGGTCTCCGTTCGTCTC,SecX-BB288-REV,/SecX/GGGCTAGGTACAGGGTTCAGC
Drosophila_TAD,20191028_RI510_Embryo-Y-GFP-male_Drosophila-TAD_SIR_THR_55.ome.tiff,Drosophila melanogaster,NCBITaxon,7227,derived cells,Embryo-Y-GFP-male,"y[1], w[67c23];Dp(1;Y), y[+] P{ry+11} P{w[+mC]=ActGFP}JMR1",55,20191028,RI510,Drosophila-TAD,SIR,THR,ATTO-565,chrX,4851500,4961200,109700,1174,10.7,C,BB287-FWD,/5Phos/CGCTCGGTCTCCGTTCGTCTC,SecX-BB288-REV,/SecX/GGGCTAGGTACAGGGTTCAGC
Drosophila_TAD,20191028_RI510_Embryo-Y-GFP-male_Drosophila-TAD_SIR_THR_77.ome.tiff,Drosophila melanogaster,NCBITaxon,7227,derived cells,Embryo-Y-GFP-male,"y[1], w[67c23];Dp(1;Y), y[+] P{ry+11} P{w[+mC]=ActGFP}JMR1",77,20191028,RI510,Drosophila-TAD,SIR,THR,ATTO-565,chrX,4851500,4961200,109700,1174,10.7,C,BB287-FWD,/5Phos/CGCTCGGTCTCCGTTCGTCTC,SecX-BB288-REV,/SecX/GGGCTAGGTACAGGGTTCAGC
Drosophila_TAD,20191028_RI510_Embryo-Y-GFP-male_Drosophila-TAD_SIR_THR_15.ome.tiff,Drosophila melanogaster,NCBITaxon,7227,derived cells,Embryo-Y-GFP-male,"y[1], w[67c23];Dp(1;Y), y[+] P{ry+11} P{w[+mC]=ActGFP}JMR1",15,20191028,RI510,Drosophila-TAD,SIR,THR,ATTO-565,chrX,4851500,4961200,109700,1174,10.7,C,BB287-FWD,/5Phos/CGCTCGGTCTCCGTTCGTCTC,SecX-BB288-REV,/SecX/GGGCTAGGTACAGGGTTCAGC
Drosophila_TAD,20191028_RI510_Embryo-Y-GFP-male_Drosophila-TAD_SIR_THR_69.ome.tiff,Drosophila melanogaster,NCBITaxon,7227,derived cells,Embryo-Y-GFP-male,"y[1], w[67c23];Dp(1;Y), y[+] P{ry+11} P{w[+mC]=ActGFP}JMR1",69,20191028,RI510,Drosophila-TAD,SIR,THR,ATTO-565,chrX,4851500,4961200,109700,1174,10.7,C,BB287-FWD,/5Phos/CGCTCGGTCTCCGTTCGTCTC,SecX-BB288-REV,/SecX/GGGCTAGGTACAGGGTTCAGC
Drosophila_TAD,20191028_RI510_Embryo-Y-GFP-male_Drosophila-TAD_SIR_THR_65.ome.tiff,Drosophila melanogaster,NCBITaxon,7227,derived cells,Embryo-Y-GFP-male,"y[1], w[67c23];Dp(1;Y), y[+] P{ry+11} P{w[+mC]=ActGFP}JMR1",65,20191028,RI510,Drosophila-TAD,SIR,THR,ATTO-565,chrX,4851500,4961200,109700,1174,10.7,C,BB287-FWD,/5Phos/CGCTCGGTCTCCGTTCGTCTC,SecX-BB288-REV,/SecX/GGGCTAGGTACAGGGTTCAGC
Drosophila_TAD,20191028_RI510_Embryo-Y-GFP-male_Drosophila-TAD_SIR_THR_19.ome.tiff,Drosophila melanogaster,NCBITaxon,7227,derived cells,Embryo-Y-GFP-male,"y[1], w[67c23];Dp(1;Y), y[+] P{ry+11} P{w[+mC]=ActGFP}JMR1",19,20191028,RI510,Drosophila-TAD,SIR,THR,ATTO-565,chrX,4851500,4961200,109700,1174,10.7,C,BB287-FWD,/5Phos/CGCTCGGTCTCCGTTCGTCTC,SecX-BB288-REV,/SecX/GGGCTAGGTACAGGGTTCAGC
Drosophila_TAD,20191028_RI510_Embryo-Y-GFP-male_Drosophila-TAD_SIR_THR_60.ome.tiff,Drosophila melanogaster,NCBITaxon,7227,derived cells,Embryo-Y-GFP-male,"y[1], w[67c23];Dp(1;Y), y[+] P{ry+11} P{w[+mC]=ActGFP}JMR1",60,20191028,RI510,Drosophila-TAD,SIR,THR,ATTO-565,chrX,4851500,4961200,109700,1174,10.7,C,BB287-FWD,/5Phos/CGCTCGGTCTCCGTTCGTCTC,SecX-BB288-REV,/SecX/GGGCTAGGTACAGGGTTCAGC
Drosophila_TAD,20191028_RI510_Embryo-Y-GFP-male_Drosophila-TAD_SIR_THR_73.ome.tiff,Drosophila melanogaster,NCBITaxon,7227,derived cells,Embryo-Y-GFP-male,"y[1], w[67c23];Dp(1;Y), y[+] P{ry+11} P{w[+mC]=ActGFP}JMR1",73,20191028,RI510,Drosophila-TAD,SIR,THR,ATTO-565,chrX,4851500,4961200,109700,1174,10.7,C,BB287-FWD,/5Phos/CGCTCGGTCTCCGTTCGTCTC,SecX-BB288-REV,/SecX/GGGCTAGGTACAGGGTTCAGC
Drosophila_TAD,20191028_RI510_Embryo-Y-GFP-male_Drosophila-TAD_SIR_THR_38.ome.tiff,Drosophila melanogaster,NCBITaxon,7227,derived cells,Embryo-Y-GFP-male,"y[1], w[67c23];Dp(1;Y), y[+] P{ry+11} P{w[+mC]=ActGFP}JMR1",38,20191028,RI510,Drosophila-TAD,SIR,THR,ATTO-565,chrX,4851500,4961200,109700,1174,10.7,C,BB287-FWD,/5Phos/CGCTCGGTCTCCGTTCGTCTC,SecX-BB288-REV,/SecX/GGGCTAGGTACAGGGTTCAGC
Drosophila_TAD,20191028_RI510_Embryo-Y-GFP-male_Drosophila-TAD_SIR_THR_20.ome.tiff,Drosophila melanogaster,NCBITaxon,7227,derived cells,Embryo-Y-GFP-male,"y[1], w[67c23];Dp(1;Y), y[+] P{ry+11} P{w[+mC]=ActGFP}JMR1",20,20191028,RI510,Drosophila-TAD,SIR,THR,ATTO-565,chrX,4851500,4961200,109700,1174,10.7,C,BB287-FWD,/5Phos/CGCTCGGTCTCCGTTCGTCTC,SecX-BB288-REV,/SecX/GGGCTAGGTACAGGGTTCAGC
Drosophila_TAD,20191028_RI510_Embryo-Y-GFP-male_Drosophila-TAD_SIR_THR_89.ome.tiff,Drosophila melanogaster,NCBITaxon,7227,derived cells,Embryo-Y-GFP-male,"y[1], w[67c23];Dp(1;Y), y[+] P{ry+11} P{w[+mC]=ActGFP}JMR1",89,20191028,RI510,Drosophila-TAD,SIR,THR,ATTO-565,chrX,4851500,4961200,109700,1174,10.7,C,BB287-FWD,/5Phos/CGCTCGGTCTCCGTTCGTCTC,SecX-BB288-REV,/SecX/GGGCTAGGTACAGGGTTCAGC
Drosophila_TAD,20191028_RI510_Embryo-Y-GFP-male_Drosophila-TAD_SIR_THR_56.ome.tiff,Drosophila melanogaster,NCBITaxon,7227,derived cells,Embryo-Y-GFP-male,"y[1], w[67c23];Dp(1;Y), y[+] P{ry+11} P{w[+mC]=ActGFP}JMR1",56,20191028,RI510,Drosophila-TAD,SIR,THR,ATTO-565,chrX,4851500,4961200,109700,1174,10.7,C,BB287-FWD,/5Phos/CGCTCGGTCTCCGTTCGTCTC,SecX-BB288-REV,/SecX/GGGCTAGGTACAGGGTTCAGC
Drosophila_TAD,20191028_RI510_Embryo-Y-GFP-male_Drosophila-TAD_SIR_THR_44.ome.tiff,Drosophila melanogaster,NCBITaxon,7227,derived cells,Embryo-Y-GFP-male,"y[1], w[67c23];Dp(1;Y), y[+] P{ry+11} P{w[+mC]=ActGFP}JMR1",44,20191028,RI510,Drosophila-TAD,SIR,THR,ATTO-565,chrX,4851500,4961200,109700,1174,10.7,C,BB287-FWD,/5Phos/CGCTCGGTCTCCGTTCGTCTC,SecX-BB288-REV,/SecX/GGGCTAGGTACAGGGTTCAGC
Drosophila_TAD,20191028_RI510_Embryo-Y-GFP-male_Drosophila-TAD_SIR_THR_21.ome.tiff,Drosophila melanogaster,NCBITaxon,7227,derived cells,Embryo-Y-GFP-male,"y[1], w[67c23];Dp(1;Y), y[+] P{ry+11} P{w[+mC]=ActGFP}JMR1",21,20191028,RI510,Drosophila-TAD,SIR,THR,ATTO-565,chrX,4851500,4961200,109700,1174,10.7,C,BB287-FWD,/5Phos/CGCTCGGTCTCCGTTCGTCTC,SecX-BB288-REV,/SecX/GGGCTAGGTACAGGGTTCAGC
Drosophila_TAD,20191028_RI510_Embryo-Y-GFP-male_Drosophila-TAD_SIR_THR_61.ome.tiff,Drosophila melanogaster,NCBITaxon,7227,derived cells,Embryo-Y-GFP-male,"y[1], w[67c23];Dp(1;Y), y[+] P{ry+11} P{w[+mC]=ActGFP}JMR1",61,20191028,RI510,Drosophila-TAD,SIR,THR,ATTO-565,chrX,4851500,4961200,109700,1174,10.7,C,BB287-FWD,/5Phos/CGCTCGGTCTCCGTTCGTCTC,SecX-BB288-REV,/SecX/GGGCTAGGTACAGGGTTCAGC
Drosophila_TAD,20191028_RI510_Embryo-Y-GFP-male_Drosophila-TAD_SIR_THR_82.ome.tiff,Drosophila melanogaster,NCBITaxon,7227,derived cells,Embryo-Y-GFP-male,"y[1], w[67c23];Dp(1;Y), y[+] P{ry+11} P{w[+mC]=ActGFP}JMR1",82,20191028,RI510,Drosophila-TAD,SIR,THR,ATTO-565,chrX,4851500,4961200,109700,1174,10.7,C,BB287-FWD,/5Phos/CGCTCGGTCTCCGTTCGTCTC,SecX-BB288-REV,/SecX/GGGCTAGGTACAGGGTTCAGC
Drosophila_TAD,20191028_RI510_Embryo-Y-GFP-male_Drosophila-TAD_SIR_THR_5.ome.tiff,Drosophila melanogaster,NCBITaxon,7227,derived cells,Embryo-Y-GFP-male,"y[1], w[67c23];Dp(1;Y), y[+] P{ry+11} P{w[+mC]=ActGFP}JMR1",5,20191028,RI510,Drosophila-TAD,SIR,THR,ATTO-565,chrX,4851500,4961200,109700,1174,10.7,C,BB287-FWD,/5Phos/CGCTCGGTCTCCGTTCGTCTC,SecX-BB288-REV,/SecX/GGGCTAGGTACAGGGTTCAGC
Drosophila_TAD,20191028_RI510_Embryo-Y-GFP-male_Drosophila-TAD_SIR_THR_4.ome.tiff,Drosophila melanogaster,NCBITaxon,7227,derived cells,Embryo-Y-GFP-male,"y[1], w[67c23];Dp(1;Y), y[+] P{ry+11} P{w[+mC]=ActGFP}JMR1",4,20191028,RI510,Drosophila-TAD,SIR,THR,ATTO-565,chrX,4851500,4961200,109700,1174,10.7,C,BB287-FWD,/5Phos/CGCTCGGTCTCCGTTCGTCTC,SecX-BB288-REV,/SecX/GGGCTAGGTACAGGGTTCAGC
Drosophila_TAD,20191028_RI510_Embryo-Y-GFP-male_Drosophila-TAD_SIR_THR_58.ome.tiff,Drosophila melanogaster,NCBITaxon,7227,derived cells,Embryo-Y-GFP-male,"y[1], w[67c23];Dp(1;Y), y[+] P{ry+11} P{w[+mC]=ActGFP}JMR1",58,20191028,RI510,Drosophila-TAD,SIR,THR,ATTO-565,chrX,4851500,4961200,109700,1174,10.7,C,BB287-FWD,/5Phos/CGCTCGGTCTCCGTTCGTCTC,SecX-BB288-REV,/SecX/GGGCTAGGTACAGGGTTCAGC
Drosophila_TAD,20191028_RI510_Embryo-Y-GFP-male_Drosophila-TAD_SIR_THR_66.ome.tiff,Drosophila melanogaster,NCBITaxon,7227,derived cells,Embryo-Y-GFP-male,"y[1], w[67c23];Dp(1;Y), y[+] P{ry+11} P{w[+mC]=ActGFP}JMR1",66,20191028,RI510,Drosophila-TAD,SIR,THR,ATTO-565,chrX,4851500,4961200,109700,1174,10.7,C,BB287-FWD,/5Phos/CGCTCGGTCTCCGTTCGTCTC,SecX-BB288-REV,/SecX/GGGCTAGGTACAGGGTTCAGC
Drosophila_TAD,20191028_RI510_Embryo-Y-GFP-male_Drosophila-TAD_SIR_THR_42.ome.tiff,Drosophila melanogaster,NCBITaxon,7227,derived cells,Embryo-Y-GFP-male,"y[1], w[67c23];Dp(1;Y), y[+] P{ry+11} P{w[+mC]=ActGFP}JMR1",42,20191028,RI510,Drosophila-TAD,SIR,THR,ATTO-565,chrX,4851500,4961200,109700,1174,10.7,C,BB287-FWD,/5Phos/CGCTCGGTCTCCGTTCGTCTC,SecX-BB288-REV,/SecX/GGGCTAGGTACAGGGTTCAGC
Drosophila_TAD,20191028_RI510_Embryo-Y-GFP-male_Drosophila-TAD_SIR_THR_68.ome.tiff,Drosophila melanogaster,NCBITaxon,7227,derived cells,Embryo-Y-GFP-male,"y[1], w[67c23];Dp(1;Y), y[+] P{ry+11} P{w[+mC]=ActGFP}JMR1",68,20191028,RI510,Drosophila-TAD,SIR,THR,ATTO-565,chrX,4851500,4961200,109700,1174,10.7,C,BB287-FWD,/5Phos/CGCTCGGTCTCCGTTCGTCTC,SecX-BB288-REV,/SecX/GGGCTAGGTACAGGGTTCAGC
Drosophila_TAD,20191028_RI510_Embryo-Y-GFP-male_Drosophila-TAD_SIR_THR_31.ome.tiff,Drosophila melanogaster,NCBITaxon,7227,derived cells,Embryo-Y-GFP-male,"y[1], w[67c23];Dp(1;Y), y[+] P{ry+11} P{w[+mC]=ActGFP}JMR1",31,20191028,RI510,Drosophila-TAD,SIR,THR,ATTO-565,chrX,4851500,4961200,109700,1174,10.7,C,BB287-FWD,/5Phos/CGCTCGGTCTCCGTTCGTCTC,SecX-BB288-REV,/SecX/GGGCTAGGTACAGGGTTCAGC
Drosophila_TAD,20191028_RI510_Embryo-Y-GFP-male_Drosophila-TAD_SIR_THR_16.ome.tiff,Drosophila melanogaster,NCBITaxon,7227,derived cells,Embryo-Y-GFP-male,"y[1], w[67c23];Dp(1;Y), y[+] P{ry+11} P{w[+mC]=ActGFP}JMR1",16,20191028,RI510,Drosophila-TAD,SIR,THR,ATTO-565,chrX,4851500,4961200,109700,1174,10.7,C,BB287-FWD,/5Phos/CGCTCGGTCTCCGTTCGTCTC,SecX-BB288-REV,/SecX/GGGCTAGGTACAGGGTTCAGC
Drosophila_TAD,20191028_RI510_Embryo-Y-GFP-male_Drosophila-TAD_SIR_THR_2.ome.tiff,Drosophila melanogaster,NCBITaxon,7227,derived cells,Embryo-Y-GFP-male,"y[1], w[67c23];Dp(1;Y), y[+] P{ry+11} P{w[+mC]=ActGFP}JMR1",2,20191028,RI510,Drosophila-TAD,SIR,THR,ATTO-565,chrX,4851500,4961200,109700,1174,10.7,C,BB287-FWD,/5Phos/CGCTCGGTCTCCGTTCGTCTC,SecX-BB288-REV,/SecX/GGGCTAGGTACAGGGTTCAGC
Drosophila_TAD,20191028_RI510_Embryo-Y-GFP-male_Drosophila-TAD_SIR_THR_46.ome.tiff,Drosophila melanogaster,NCBITaxon,7227,derived cells,Embryo-Y-GFP-male,"y[1], w[67c23];Dp(1;Y), y[+] P{ry+11} P{w[+mC]=ActGFP}JMR1",46,20191028,RI510,Drosophila-TAD,SIR,THR,ATTO-565,chrX,4851500,4961200,109700,1174,10.7,C,BB287-FWD,/5Phos/CGCTCGGTCTCCGTTCGTCTC,SecX-BB288-REV,/SecX/GGGCTAGGTACAGGGTTCAGC
Drosophila_TAD,20191028_RI510_Embryo-Y-GFP-male_Drosophila-TAD_SIR_THR_48.ome.tiff,Drosophila melanogaster,NCBITaxon,7227,derived cells,Embryo-Y-GFP-male,"y[1], w[67c23];Dp(1;Y), y[+] P{ry+11} P{w[+mC]=ActGFP}JMR1",48,20191028,RI510,Drosophila-TAD,SIR,THR,ATTO-565,chrX,4851500,4961200,109700,1174,10.7,C,BB287-FWD,/5Phos/CGCTCGGTCTCCGTTCGTCTC,SecX-BB288-REV,/SecX/GGGCTAGGTACAGGGTTCAGC
Drosophila_TAD,20191028_RI510_Embryo-Y-GFP-male_Drosophila-TAD_SIR_THR_67.ome.tiff,Drosophila melanogaster,NCBITaxon,7227,derived cells,Embryo-Y-GFP-male,"y[1], w[67c23];Dp(1;Y), y[+] P{ry+11} P{w[+mC]=ActGFP}JMR1",67,20191028,RI510,Drosophila-TAD,SIR,THR,ATTO-565,chrX,4851500,4961200,109700,1174,10.7,C,BB287-FWD,/5Phos/CGCTCGGTCTCCGTTCGTCTC,SecX-BB288-REV,/SecX/GGGCTAGGTACAGGGTTCAGC