Dataset Name,Image Name,Characteristics [Organism],Term Source 1 REF,Term Source 1 Accession,Characteristics [Cell Line],Comment [Cell Line Source],Experimental Condition [Genotype],Image Number,Date,Refractive Index,Staining Ch0,Sir Tag,Thresholded Tag,Label Ch0
Drosophila_DAPI,20191214_RI508_Embryo_DAPI_SIR_THR_19.ome.tiff,Drosophila melanogaster,NCBITaxon,7227,derived cells,Embryo-Y-GFP-male,"y[1], w[67c23];Dp(1;Y), y[+] P{ry+11} P{w[+mC]=ActGFP}JMR1",19,20191214,RI508,DAPI,SIR,THR,DAPI
Drosophila_DAPI,20191214_RI508_Embryo_DAPI_SIR_THR_2.ome.tiff,Drosophila melanogaster,NCBITaxon,7227,derived cells,Embryo-Y-GFP-male,"y[1], w[67c23];Dp(1;Y), y[+] P{ry+11} P{w[+mC]=ActGFP}JMR1",2,20191214,RI508,DAPI,SIR,THR,DAPI
Drosophila_DAPI,20191214_RI508_Embryo_DAPI_SIR_THR_11.ome.tiff,Drosophila melanogaster,NCBITaxon,7227,derived cells,Embryo-Y-GFP-male,"y[1], w[67c23];Dp(1;Y), y[+] P{ry+11} P{w[+mC]=ActGFP}JMR1",11,20191214,RI508,DAPI,SIR,THR,DAPI
Drosophila_DAPI,20191214_RI508_Embryo_DAPI_SIR_THR_8.ome.tiff,Drosophila melanogaster,NCBITaxon,7227,derived cells,Embryo-Y-GFP-male,"y[1], w[67c23];Dp(1;Y), y[+] P{ry+11} P{w[+mC]=ActGFP}JMR1",8,20191214,RI508,DAPI,SIR,THR,DAPI
Drosophila_DAPI,20191214_RI508_Embryo_DAPI_SIR_THR_4.ome.tiff,Drosophila melanogaster,NCBITaxon,7227,derived cells,Embryo-Y-GFP-male,"y[1], w[67c23];Dp(1;Y), y[+] P{ry+11} P{w[+mC]=ActGFP}JMR1",4,20191214,RI508,DAPI,SIR,THR,DAPI
Drosophila_DAPI,20191214_RI508_Embryo_DAPI_SIR_THR_5.ome.tiff,Drosophila melanogaster,NCBITaxon,7227,derived cells,Embryo-Y-GFP-male,"y[1], w[67c23];Dp(1;Y), y[+] P{ry+11} P{w[+mC]=ActGFP}JMR1",5,20191214,RI508,DAPI,SIR,THR,DAPI
Drosophila_DAPI,20191214_RI508_Embryo_DAPI_SIR_THR_15.ome.tiff,Drosophila melanogaster,NCBITaxon,7227,derived cells,Embryo-Y-GFP-male,"y[1], w[67c23];Dp(1;Y), y[+] P{ry+11} P{w[+mC]=ActGFP}JMR1",15,20191214,RI508,DAPI,SIR,THR,DAPI
Drosophila_DAPI,20191214_RI508_Embryo_DAPI_SIR_THR_7.ome.tiff,Drosophila melanogaster,NCBITaxon,7227,derived cells,Embryo-Y-GFP-male,"y[1], w[67c23];Dp(1;Y), y[+] P{ry+11} P{w[+mC]=ActGFP}JMR1",7,20191214,RI508,DAPI,SIR,THR,DAPI
Drosophila_DAPI,20191214_RI508_Embryo_DAPI_SIR_THR_3.ome.tiff,Drosophila melanogaster,NCBITaxon,7227,derived cells,Embryo-Y-GFP-male,"y[1], w[67c23];Dp(1;Y), y[+] P{ry+11} P{w[+mC]=ActGFP}JMR1",3,20191214,RI508,DAPI,SIR,THR,DAPI
Drosophila_DAPI,20191214_RI508_Embryo_DAPI_SIR_THR_17.ome.tiff,Drosophila melanogaster,NCBITaxon,7227,derived cells,Embryo-Y-GFP-male,"y[1], w[67c23];Dp(1;Y), y[+] P{ry+11} P{w[+mC]=ActGFP}JMR1",17,20191214,RI508,DAPI,SIR,THR,DAPI
Drosophila_DAPI,20191214_RI508_Embryo_DAPI_SIR_THR_1.ome.tiff,Drosophila melanogaster,NCBITaxon,7227,derived cells,Embryo-Y-GFP-male,"y[1], w[67c23];Dp(1;Y), y[+] P{ry+11} P{w[+mC]=ActGFP}JMR1",1,20191214,RI508,DAPI,SIR,THR,DAPI
Drosophila_DAPI,20191214_RI508_Embryo_DAPI_SIR_THR_14.ome.tiff,Drosophila melanogaster,NCBITaxon,7227,derived cells,Embryo-Y-GFP-male,"y[1], w[67c23];Dp(1;Y), y[+] P{ry+11} P{w[+mC]=ActGFP}JMR1",14,20191214,RI508,DAPI,SIR,THR,DAPI
Drosophila_DAPI,20191214_RI508_Embryo_DAPI_SIR_THR_12.ome.tiff,Drosophila melanogaster,NCBITaxon,7227,derived cells,Embryo-Y-GFP-male,"y[1], w[67c23];Dp(1;Y), y[+] P{ry+11} P{w[+mC]=ActGFP}JMR1",12,20191214,RI508,DAPI,SIR,THR,DAPI
Drosophila_DAPI,20191214_RI508_Embryo_DAPI_SIR_THR_10.ome.tiff,Drosophila melanogaster,NCBITaxon,7227,derived cells,Embryo-Y-GFP-male,"y[1], w[67c23];Dp(1;Y), y[+] P{ry+11} P{w[+mC]=ActGFP}JMR1",10,20191214,RI508,DAPI,SIR,THR,DAPI
Drosophila_DAPI,20191214_RI508_Embryo_DAPI_SIR_THR_18.ome.tiff,Drosophila melanogaster,NCBITaxon,7227,derived cells,Embryo-Y-GFP-male,"y[1], w[67c23];Dp(1;Y), y[+] P{ry+11} P{w[+mC]=ActGFP}JMR1",18,20191214,RI508,DAPI,SIR,THR,DAPI
Drosophila_DAPI,20191214_RI508_Embryo_DAPI_SIR_THR_6.ome.tiff,Drosophila melanogaster,NCBITaxon,7227,derived cells,Embryo-Y-GFP-male,"y[1], w[67c23];Dp(1;Y), y[+] P{ry+11} P{w[+mC]=ActGFP}JMR1",6,20191214,RI508,DAPI,SIR,THR,DAPI
Drosophila_DAPI,20191214_RI508_Embryo_DAPI_SIR_THR_9.ome.tiff,Drosophila melanogaster,NCBITaxon,7227,derived cells,Embryo-Y-GFP-male,"y[1], w[67c23];Dp(1;Y), y[+] P{ry+11} P{w[+mC]=ActGFP}JMR1",9,20191214,RI508,DAPI,SIR,THR,DAPI
Drosophila_DAPI,20191214_RI508_Embryo_DAPI_SIR_THR_13.ome.tiff,Drosophila melanogaster,NCBITaxon,7227,derived cells,Embryo-Y-GFP-male,"y[1], w[67c23];Dp(1;Y), y[+] P{ry+11} P{w[+mC]=ActGFP}JMR1",13,20191214,RI508,DAPI,SIR,THR,DAPI
Drosophila_DAPI,20191214_RI508_Embryo_DAPI_SIR_THR_20.ome.tiff,Drosophila melanogaster,NCBITaxon,7227,derived cells,Embryo-Y-GFP-male,"y[1], w[67c23];Dp(1;Y), y[+] P{ry+11} P{w[+mC]=ActGFP}JMR1",20,20191214,RI508,DAPI,SIR,THR,DAPI
Drosophila_DAPI,20191214_RI508_Embryo_DAPI_SIR_THR_16.ome.tiff,Drosophila melanogaster,NCBITaxon,7227,derived cells,Embryo-Y-GFP-male,"y[1], w[67c23];Dp(1;Y), y[+] P{ry+11} P{w[+mC]=ActGFP}JMR1",16,20191214,RI508,DAPI,SIR,THR,DAPI